0.733681706956,0.001031346302,0.014445655275,0.017765940500,0.002476087008,0.016143065425,0.020655578764,0.013880314731,0.008858125360,0.018913035199,0.018664972678,0.004867051301,0.006370999121,0.016398043125,0.012614978596,0.004058606847,0.004291795429,0.001787683344,0.020831136555,0.003139793401,0.000151743574,0.015571338226,0.004146444567
0.000180944541,0.827219472819,0.003072156816,0.006687466635,0.007322431365,0.002463928450,0.005719320776,0.015982814366,0.001537689797,0.020130033359,0.013187356575,0.010071712785,0.020265055351,0.000648863898,0.012686892532,0.018287564541,0.020042544347,0.007756554511,0.019963435119,0.004751938400,0.021581550389,0.015946243575,0.011573203143
0.015478043198,0.011666718900,0.799096637742,0.010821132961,0.018002762643,0.009357121530,0.014116959622,0.004413460194,0.003615425624,0.007974321238,0.013768488810,0.009113625618,0.013202589836,0.014742149772,0.012328568007,0.015794664122,0.012734741442,0.014838482920,0.002042075135,0.014056349995,0.004460462506,0.018029225687,0.021019776671
0.007019180185,0.004697560665,0.014389554372,0.782487077204,0.008711998588,0.011284454136,0.000807141130,0.004379236134,0.006489705152,0.005237370664,0.019941738768,0.021573645682,0.017548077259,0.011010962635,0.002983942699,0.007902051746,0.006453468760,0.016206845775,0.012122160225,0.021705082363,0.012146471221,0.018320689389,0.014812842867
0.015562594170,0.012618465221,0.007427107799,0.006926433907,0.767358940980,0.019115507311,0.008087822095,0.014077613390,0.009378902173,0.014956690705,0.004098433343,0.018197530293,0.010595175482,0.008542905353,0.014857244545,0.009415104981,0.009203088614,0.017960575772,0.015695424908,0.009093143660,0.013913008454,0.013488345526,0.018926122856
0.006065976162,0.013105235915,0.004968225444,0.000272554177,0.014182659809,0.762997563289,0.006458578588,0.000515342947,0.003352965436,0.020945388418,0.019542794556,0.012899809389,0.011487721215,0.001182272184,0.005153522761,0.012619167313,0.015178616568,0.015329028471,0.016780951218,0.021660115452,0.020443760328,0.019281239871,0.001792220187
0.015430360506,0.006684859450,0.010299680608,0.019828172117,0.002347760060,0.000066940295,0.802148239378,0.005310752038,0.020949331059,0.006090123923,0.019301147205,0.006238283968,0.017159104590,0.004615654488,0.015499123721,0.013745643271,0.003622943552,0.012922570383,0.007971581599,0.004014986405,0.012161177513,0.010645503808,0.007477799486
0.020440648644,0.010213168545,0.013304990836,0.015873670205,0.020394573708,0.005553962795,0.004390827066,0.776524862779,0.008896892352,0.004720061224,0.012452981631,0.010399515007,0.002749384375,0.017684459219,0.006332159414,0.016445814582,0.005949321922,0.015525212074,0.018983661868,0.017326712632,0.013603924937,0.000144505112,0.010451947439
0.002953866362,0.000861905624,0.015656521229,0.002836826955,0.010737940233,0.006393005116,0.005991004728,0.021222412173,0.790712227090,0.006508344719,0.015294605031,0.019169039271,0.001116994496,0.002184963453,0.016213748749,0.005731067290,0.020654460409,0.010321702875,0.012004543865,0.007725627970,0.018724657752,0.000304101202,0.009919067804
0.017299768228,0.008839206518,0.008984343873,0.013003365624,0.017348206576,0.015175240043,0.017557063120,0.019841637782,0.014425397238,0.768088411855,0.008446148987,0.004752083600,0.002526144646,0.007393332124,0.013750982044,0.004247401851,0.008515354743,0.006265691902,0.005484550478,0.008834458557,0.003156867704,0.011170521886,0.001214827448
0.019937369557,0.002781755239,0.004327327931,0.020873736270,0.014930573923,0.005024206588,0.012606883907,0.008533118131,0.012130866782,0.006326725174,0.721295271101,0.000114867691,0.010594477525,0.018410578232,0.020632859281,0.000988362887,0.015129240022,0.009949177937,0.013782847293,0.016831506968,0.021099556642,0.011558434774,0.007144972156
0.010747490736,0.003452946272,0.014194351733,0.001532917047,0.009653000941,0.015852630975,0.011227958432,0.009226675420,0.013200775031,0.007588912410,0.020377007663,0.774403280018,0.017041031214,0.005476434007,0.014900843650,0.011331271364,0.013766427355,0.004451657529,0.019582338632,0.007322258617,0.013857122805,0.020165004840,0.013701154701
0.019822524776,0.008036269019,0.003369936619,0.007897440523,0.004560541064,0.020964579437,0.018441640684,0.005081124571,0.005354129529,0.005132939110,0.007401812427,0.000300309712,0.775456416833,0.017160834002,0.015628997612,0.003515026568,0.013171259069,0.005627710299,0.002555894836,0.003729974250,0.021300026288,0.019672141369,0.020145746458
0.006507350702,0.016390197157,0.010620485577,0.010735712248,0.017218187659,0.006738140041,0.013162514202,0.007269049869,0.001702356112,0.017264099728,0.003292949682,0.011327684818,0.008822973487,0.792485607895,0.017043052381,0.019425910127,0.003922185820,0.014046367297,0.019087913687,0.004448499593,0.000808897832,0.019210781821,0.020393731889
0.013144239689,0.005033003120,0.009840461180,0.002840215677,0.004498394936,0.013407475231,0.002036879485,0.018526157254,0.015920770758,0.018580565056,0.018305788225,0.010340258235,0.000015519859,0.005390480298,0.731967845284,0.010244185788,0.012645102921,0.011544654533,0.007591773948,0.003641892874,0.016346211132,0.016513458518,0.001547545543
0.004528031619,0.014735359366,0.011596970604,0.007678116355,0.005184898741,0.011125733330,0.004839565089,0.001447296757,0.011391185233,0.000566232955,0.005395411272,0.013177202838,0.005586434944,0.000255619195,0.000743119800,0.752143775233,0.012900248450,0.013782896680,0.008670799614,0.013296104562,0.013029476162,0.019731812865,0.010308128587
0.002881827694,0.008482901676,0.002533082903,0.011186860631,0.012344752925,0.018532387449,0.013149982852,0.002833081897,0.013582427086,0.010684288942,0.001737661511,0.006681200771,0.014461469147,0.017501099142,0.003090002245,0.012656745658,0.737470077540,0.020786139012,0.004182487410,0.008283512284,0.011218733407,0.009066553927,0.009531939348
0.017793388141,0.006809989804,0.009534084614,0.005950718058,0.008343471276,0.001615381764,0.003614195283,0.015289800436,0.020863225677,0.017904667881,0.021645999204,0.006971099406,0.001773502844,0.010154839903,0.003671208169,0.014648558192,0.004326818540,0.744871514679,0.014085917297,0.006091418405,0.013253853489,0.011733629892,0.004054077293
0.017072695350,0.012507045869,0.005583445669,0.010191162513,0.010309712711,0.020922144223,0.006406619964,0.003091895520,0.008876222586,0.006010975004,0.017446605991,0.013180502865,0.001058130512,0.007242763945,0.020727120132,0.014971664357,0.021175987937,0.019338180520,0.747106630526,0.017417045016,0.010979224641,0.008408637914,0.018327252399
0.014466510805,0.002961727305,0.003936376889,0.016253771842,0.018456072951,0.012482008658,0.003776508502,0.019515285865,0.000272158228,0.012414302324,0.005310540235,0.005655882716,0.020741068677,0.010551940995,0.020536075096,0.016518821728,0.014480305337,0.005705374689,0.012636128547,0.782228472313,0.007007970692,0.003354919927,0.008240197681
0.001611730324,0.012859086547,0.017915349845,0.010606350740,0.008473543200,0.001122447948,0.021249573288,0.007463001360,0.007741597028,0.010048896407,0.007165531021,0.015229745676,0.018428953968,0.014142657494,0.017765589413,0.015632223747,0.018548415627,0.017344909609,0.006590181482,0.004352102809,0.710424357540,0.020409452609,0.008445990163
0.019910025990,0.006883257386,0.004888678754,0.012005102939,0.015572686524,0.013783858948,0.002309435377,0.018560288443,0.007425367584,0.004195474584,0.008304094361,0.004853476993,0.011820926603,0.011337604422,0.003295798716,0.014771135518,0.010593588889,0.003319315898,0.009955873019,0.010315631681,0.020478814119,0.708660463504,0.021628322903
0.017463725666,0.002128521279,0.010014573685,0.005745254869,0.001570802177,0.009878217020,0.001245707667,0.007014777941,0.013322257086,0.009718139119,0.017622659720,0.020482191348,0.011177848015,0.005485934219,0.017576325153,0.004905232290,0.015224006708,0.010317753290,0.002291692739,0.009733371792,0.019852130871,0.008612993757,0.755196688413
